title,company,location,link
Fleet Management and Advanced Analytics Specialist,Syngenta,"Slater, IA",http://www.indeed.com/viewjob?jk=efbbe6fc01bdc5c2
Applied Scientist,Amazon.com Services LLC,"Sunnyvale, CA",http://www.indeed.com/viewjob?jk=6aa07ebc7a5c8ad9
Apigee Platform Engineer,Achieve Internet,Remote,http://www.indeed.com/viewjob?jk=050a8a441ab7df61
Data Scientist,Hitch Works,"Seattle, WA",http://www.indeed.com/viewjob?jk=8d4e8081cb0118ae
Data Analyst (Stat),Chewy,"Edgerton, KS",http://www.indeed.com/viewjob?jk=9fec9e46dcb45ae7
Trading Data Analyst/Engineer,"TradeSpace, LLC","San Juan, PR",http://www.indeed.com/viewjob?jk=c722689d3583d0be
Tech Consultant,Neighborhood Bridges,"South Jordan, UT",http://www.indeed.com/viewjob?jk=e317d2beded07f86
"Software Engineer, Intern/Co-op",Facebook,"Sausalito, CA",http://www.indeed.com/viewjob?jk=be563c142bf3913c
Reporting Analyst,Land Title Guarantee Co.,"Greenwood Village, CO",http://www.indeed.com/viewjob?jk=a57d3a6a9045ea98
Bioinformatician,Natera,"San Carlos, CA",http://www.indeed.com/viewjob?jk=fce83f7821b0c248
Senior Python Developer,ManTech,"Vienna, VA",http://www.indeed.com/viewjob?jk=57642991e694b3b8
"FULLY REMOTE Python Backend Developer ""Protected Veteran"" Big Plus",Sean E. Merryman Placements,Remote,http://www.indeed.com/viewjob?jk=776dd9943a1b5297
Software Engineer,MachMotion,"Newburg, MO",http://www.indeed.com/viewjob?jk=95f4fad43b610f66
eCommerce Business Intelligence Intern,PepsiCo,"Center, TX",http://www.indeed.com/viewjob?jk=4a48554fa9afce58
Senior Python Full Stack Developer,Shuup,Remote,http://www.indeed.com/viewjob?jk=52d5762bc4f2e29b
Embedded Test Engineer - Python,FedWriters,"Seattle, WA",http://www.indeed.com/viewjob?jk=17d5da8a9d9f0ec1
Business Intelligence Developer/Analyst,Klaviyo,"Boston, MA",http://www.indeed.com/viewjob?jk=18dd7b692b0e25b3
Director of Learning Analytics and Psychometrics,Kaplan,Remote,http://www.indeed.com/viewjob?jk=20e9eff126903b60
Software Engineer- Python/C++,"JPMorgan Chase Bank, N.A.","Houston, TX",http://www.indeed.com/viewjob?jk=993de0ae9bb4cb97
Data Engineer (Remote),vidIQ,Remote,http://www.indeed.com/viewjob?jk=08b76b3518c3d8a0
Strategic Finance Manager,Affirm,California,http://www.indeed.com/viewjob?jk=3907e90f48e37469
Tibco Spotfire Developer,SILVERLINK TECHNOLOGIES LLC,"New York, NY",http://www.indeed.com/viewjob?jk=9aa278f4b06ab6c6
Python Developer,ABS GLOBAL,"DeForest, WI",http://www.indeed.com/viewjob?jk=42c467e36bf3bd9d
Python Django Backend Specialist,Bixly Inc,"Fresno, CA",http://www.indeed.com/viewjob?jk=5e3872b48d0c1128
Online Programs Instructor (Coding),YoungSkillz,United States,http://www.indeed.com/viewjob?jk=17a98ae692df0630
Applications Developer,MacKay Manufacturing,"Spokane Valley, WA",http://www.indeed.com/viewjob?jk=43ed843736349e48
Business Intelligence Analyst,The University of Iowa,"Iowa City, IA",http://www.indeed.com/viewjob?jk=2d0f95173318fe49
"Bioinformatics Computer Programmer (Cancer, Molecules and Structures Program) Paternostro Lab",Sanford Burnham Prebys Medical Discovery Institute,"La Jolla, CA",http://www.indeed.com/viewjob?jk=5285c2339328645c
Software Engineer,"Yokogawa Fluid Imaging Technologies, Inc.","Scarborough, ME",http://www.indeed.com/viewjob?jk=46c7280ccfb42212
Fraud Analyst - Apple Pay - Austin,Apple,"Austin, TX",http://www.indeed.com/viewjob?jk=fccecb8820ff3079
Web Developer / Python Developer,Michigan Medicine,"Ann Arbor, MI",http://www.indeed.com/viewjob?jk=addb001a187f52b5
React Developer- Remote,Kickback Points,"Twin Falls, ID",http://www.indeed.com/viewjob?jk=961a97482482cde8
Data Analyst,SnackNation,Remote,http://www.indeed.com/viewjob?jk=e8b6552c10a05e8b
Research Materials Scientist,"OSI Systems, Inc","Andover, MA",http://www.indeed.com/viewjob?jk=fd964926bb27c5df
Python Developer,Skyline Technology Solutions Llc,"Glen Burnie, MD",http://www.indeed.com/viewjob?jk=8f2808f520a894b9
Network Groups - Telecom Data Analyst 4,Powergain Technology Inc,"Plano, TX",http://www.indeed.com/viewjob?jk=40dbcfbc704e399e
Final Test Engineer,QUANTUM DESIGN INC,"San Diego, CA",http://www.indeed.com/viewjob?jk=e72c47e21aa83561
Rider Care Demand Planner,Specialized Bicycle Components,Remote,http://www.indeed.com/viewjob?jk=2795879aa2fc3653
Python/Java Programmer,Foxconn,"Mount Pleasant, WI",http://www.indeed.com/viewjob?jk=3a42d64df8a46668
Software Developer Intern (ML),JetBrains,Remote,http://www.indeed.com/viewjob?jk=dafe996c9c964869
Metallurgical Technician - Additive,Joby Aviation,"Marina, CA",http://www.indeed.com/viewjob?jk=9b7a93ed890d11dd
Data Visualization Specialist,Crunch.io,"San Francisco Bay Area, CA",http://www.indeed.com/viewjob?jk=0bd5cc9c5ecab98a
Network/Systems Specialist- Trainee,"Involta, LLC","Cedar Rapids, IA",http://www.indeed.com/viewjob?jk=309c3d330b700fea
Statistical Analyst Ii,American Greetings,"Westlake, OH",http://www.indeed.com/viewjob?jk=d748049c654cd9ff
Data Associate,JOYN BIO,"Boston, MA",http://www.indeed.com/viewjob?jk=658671442b5421c2
Python Developer With Odoo ERP Experience.,IT Perfectionists,"Brookfield, CT",http://www.indeed.com/viewjob?jk=be3d126b9db834f3
Engineering Leadership Program Engineer,Life.Church,"Edmond, OK",http://www.indeed.com/viewjob?jk=1e78de2721a2fa8a
Azure Data Engineer,Tech Golden,"Cincinnati, OH",http://www.indeed.com/viewjob?jk=235321c506c2ba78
Python Infrastructure Developer-NAS/File Storage,"JPMorgan Chase Bank, N.A.","Lewisville, TX",http://www.indeed.com/viewjob?jk=f11cc4f4184ed54d
Computational Neuroscientist,System1 Biosciences,"San Francisco, CA",http://www.indeed.com/viewjob?jk=076d4507c2cbe29e
Public Cloud Platform Engineer,"JPMorgan Chase Bank, N.A.","Lewisville, TX",https://stackoverflow.com/jobs/475323
Frontend React Developer (m/f/x),Alasco,"München, Germany",https://stackoverflow.com/jobs/388313
Backend Python Developer (m/f/x),Alasco,"München, Germany",https://stackoverflow.com/jobs/388312
Senior Full Stack Engineer,AMBOSS,"Berlin, Germany",https://stackoverflow.com/jobs/427726
Remote Developer for Global Fintech - LatAm,Tutuka,No office location,https://stackoverflow.com/jobs/427725
Remote Developer for Global Fintech - SE Asia,Tutuka,No office location,https://stackoverflow.com/jobs/427720
Senior Software Developer (Java),Clickatell Pty Ltd,"Toronto, ON, Canada",https://stackoverflow.com/jobs/396287
"AI/ML - Engineering Program Manager, Siri Data Analytics",Apple,"Cupertino, CA",https://stackoverflow.com/jobs/470124
Senior Backend Developer,AMBOSS,"Berlin, Germany",https://stackoverflow.com/jobs/410377
"Senior Data Engineer (Python, Kafka, Airflow)",AMBOSS,"Berlin, Germany",https://stackoverflow.com/jobs/415218
DevOps Engineer,AMBOSS,"Berlin, Germany",https://stackoverflow.com/jobs/397824
Software Engineer,Administrate,"Edinburgh, UK",https://stackoverflow.com/jobs/369633
Casino Games Tech Lead,DraftKings,"Sofia, Bulgaria",https://stackoverflow.com/jobs/416811
Senior Backend Developer PHP/Python (m/f/d),internetstores GmbH,"Stuttgart, Deutschland",https://stackoverflow.com/jobs/455191
Junior Systems Engineer (m/w/d),adnymics GmbH,"München, Germany",https://stackoverflow.com/jobs/462629
Senior Software Developer Python (m/f/d),Ströer Online Marketing,"Hamburg, Deutschland",https://stackoverflow.com/jobs/462625
Sr. Software Development Engineer in Test (Remote),"CrowdStrike, Inc.","Sunnyvale, CA",https://stackoverflow.com/jobs/440239
Sr. Software Engineer (Remote),"CrowdStrike, Inc.","Sunnyvale, CA",https://stackoverflow.com/jobs/440238
Site Reliability Engineer,Container Solutions B.V.,No office location,https://stackoverflow.com/jobs/462620
"Mobile DevOps Engineer ( CI/CD, Jenkins, Ansible, AWS, Python)",buildit,"Kraków, Poland",https://stackoverflow.com/jobs/427678
Software Engineer - Lead/Java,"JPMorgan Chase Bank, N.A.","Wilmington, DE",https://stackoverflow.com/jobs/475324
Software Engineer - Cloud Platform,"JPMorgan Chase Bank, N.A.","Plano, TX",https://stackoverflow.com/jobs/475322
Senior DevOps Engineer with Cloud,"JPMorgan Chase Bank, N.A.","Chicago, IL",https://stackoverflow.com/jobs/475320
Virtual Desktop - Site Reliability Engineer,"JPMorgan Chase Bank, N.A.","Columbus, OH",https://stackoverflow.com/jobs/475319
Software Engineer - Cloud Platform,"JPMorgan Chase Bank, N.A.","San Mateo, CA",https://stackoverflow.com/jobs/475317
